"","CHROM","POS","MrkName"
"1",1,660840,"v1"
"2",1,661049,"v2"
"3",1,661103,"v3"
"4",1,1044610,"v4"
"5",1,1188607,"v5"
"8",1,2033016,"v8"
"9",1,2322622,"v9"
"10",1,2419716,"v10"
"11",1,2441094,"v11"
"12",1,2441131,"v12"
"13",1,2871266,"v13"
"14",1,2871267,"v14"
"15",1,3094048,"v15"
"16",1,3094146,"v16"
"17",1,3122579,"v17"
"18",1,3122660,"v18"
"19",1,4373355,"v19"
"20",1,4373356,"v20"
"21",1,4537771,"v21"
"22",1,4611793,"v22"
"23",1,4754822,"v23"
"24",1,4935728,"v24"
"25",1,4935929,"v25"
"26",1,5194737,"v26"
"27",1,5210890,"v27"
"28",1,6111543,"v28"
"29",1,6330846,"v29"
"30",1,6330888,"v30"
"31",1,6355899,"v31"
"32",1,6361881,"v32"
"33",1,6701271,"v33"
"34",1,6973806,"v34"
"35",1,6973815,"v35"
"36",1,6973856,"v36"
"37",1,7056032,"v37"
"38",1,7546838,"v38"
"39",1,8727944,"v39"
"40",1,8779316,"v40"
"41",1,10548369,"v41"
"42",1,10688787,"v42"
"43",1,10688798,"v43"
"44",1,11034632,"v44"
"45",1,11223439,"v45"
"46",1,11233800,"v46"
"47",1,11319685,"v47"
"48",1,11319841,"v48"
"49",1,11661604,"v49"
"50",1,12677492,"v50"
"51",1,13505929,"v51"
"52",1,14932150,"v52"
"54",1,16205942,"v54"
"55",1,16770070,"v55"
"56",1,20018527,"v56"
"57",1,20164641,"v57"
"58",1,20164690,"v58"
"59",1,20164691,"v59"
"60",1,20293593,"v60"
"61",1,20594950,"v61"
"62",1,21191883,"v62"
"63",1,21566035,"v63"
"64",1,21851404,"v64"
"65",1,23351244,"v65"
"66",1,24602161,"v66"
"67",1,26126589,"v67"
"68",1,27180441,"v68"
"69",1,27180586,"v69"
"70",1,27758983,"v70"
"71",1,31280695,"v71"
"72",1,31280721,"v72"
"73",1,33483938,"v73"
"74",1,34014715,"v74"
"75",1,34014983,"v75"
"76",1,34247377,"v76"
"77",1,34546807,"v77"
"78",1,34573485,"v78"
"79",1,34904768,"v79"
"80",1,34904791,"v80"
"81",1,34904804,"v81"
"82",1,34904894,"v82"
"83",1,35607333,"v83"
"89",1,40478939,"v89"
"90",1,41305240,"v90"
"91",1,42172677,"v91"
"92",1,42279647,"v92"
"93",1,42420364,"v93"
"94",1,43775798,"v94"
"95",1,43974717,"v95"
"96",1,46050836,"v96"
"97",1,46885700,"v97"
"98",1,47728732,"v98"
"99",1,48575825,"v99"
"100",1,48720910,"v100"
"101",1,49778933,"v101"
"102",1,50411823,"v102"
"107",1,56418200,"v107"
"108",1,57641679,"v108"
"109",1,57644180,"v109"
"110",1,57687576,"v110"
"111",1,57993860,"v111"
"112",1,58160748,"v112"
"113",1,58567051,"v113"
"114",1,58816079,"v114"
"115",1,59234172,"v115"
"116",1,60233643,"v116"
"117",1,61468918,"v117"
"118",1,62244756,"v118"
"119",1,62833447,"v119"
"120",1,62976767,"v120"
"121",1,63872982,"v121"
"122",1,64211837,"v122"
"123",1,64578492,"v123"
"124",1,64879211,"v124"
"125",1,65987852,"v125"
"126",1,66287517,"v126"
"127",1,66672312,"v127"
"128",1,67121879,"v128"
"129",1,67144599,"v129"
"130",1,67264247,"v130"
"131",1,67792539,"v131"
"132",1,68291703,"v132"
"133",1,68655727,"v133"
"134",1,70342633,"v134"
"135",1,70403066,"v135"
"136",1,70416269,"v136"
"137",1,70439856,"v137"
"138",1,71203706,"v138"
"139",1,71403213,"v139"
"140",1,71447935,"v140"
"141",1,71572493,"v141"
"142",1,71812859,"v142"
"143",1,72078934,"v143"
"144",1,72122206,"v144"
"145",1,72122247,"v145"
"146",1,72273544,"v146"
"147",1,72292883,"v147"
"148",1,72298482,"v148"
"149",1,72298531,"v149"
"150",1,72314892,"v150"
"151",1,72317266,"v151"
"152",1,72317270,"v152"
"153",1,72317288,"v153"
"154",1,72317934,"v154"
"155",1,72317935,"v155"
"156",1,72324973,"v156"
"157",1,72663215,"v157"
"158",1,72663244,"v158"
"159",1,72663287,"v159"
"160",1,72663301,"v160"
"161",1,72663370,"v161"
"162",1,72663372,"v162"
"163",1,72663397,"v163"
"167",1,73011250,"v167"
"168",1,73054929,"v168"
"169",1,73054936,"v169"
"170",1,73380656,"v170"
"172",1,74121752,"v172"
"173",1,74121753,"v173"
"174",1,74121755,"v174"
"175",1,74121772,"v175"
"176",1,74121865,"v176"
"177",1,74121867,"v177"
"178",1,74661930,"v178"
"179",1,74856808,"v179"
"180",1,74920650,"v180"
"181",1,75403401,"v181"
"182",1,75506684,"v182"
"184",2,815866,"v184"
"185",2,816032,"v185"
"189",2,1903583,"v189"
"190",2,2056588,"v190"
"191",2,2158289,"v191"
"192",2,4285896,"v192"
"193",2,4286227,"v193"
"194",2,5056257,"v194"
"198",2,5186584,"v198"
"199",2,5602239,"v199"
"200",2,5602455,"v200"
"201",2,5602500,"v201"
"202",2,5602723,"v202"
"203",2,5602733,"v203"
"204",2,5602749,"v204"
"205",2,5602904,"v205"
"206",2,5602935,"v206"
"207",2,5602966,"v207"
"208",2,5606171,"v208"
"209",2,5606204,"v209"
"210",2,5606311,"v210"
"211",2,5606347,"v211"
"212",2,5740573,"v212"
"213",2,7607256,"v213"
"214",2,8376708,"v214"
"215",2,8376723,"v215"
"216",2,9801502,"v216"
"217",2,11688338,"v217"
"218",2,18010214,"v218"
"219",2,19617173,"v219"
"220",2,19679849,"v220"
"221",2,20007600,"v221"
"222",2,20481555,"v222"
"223",2,20801724,"v223"
"224",2,20809031,"v224"
"225",2,20809110,"v225"
"226",2,21064257,"v226"
"227",2,21152428,"v227"
"228",2,21152439,"v228"
"229",2,21152485,"v229"
"230",2,25527597,"v230"
"231",2,25540119,"v231"
"232",2,26125774,"v232"
"233",2,26198315,"v233"
"234",2,27758843,"v234"
"235",2,27758871,"v235"
"236",2,28003512,"v236"
"237",2,29323376,"v237"
"238",2,29749833,"v238"
"239",2,29754978,"v239"
"240",2,30011730,"v240"
"241",2,30589547,"v241"
"242",2,30643202,"v242"
"243",2,30643251,"v243"
"244",2,31275878,"v244"
"246",2,33692234,"v246"
"247",2,34668491,"v247"
"248",2,37192950,"v248"
"249",2,37619912,"v249"
"250",2,37671672,"v250"
"252",2,38366151,"v252"
"254",2,39337044,"v254"
"255",2,39350885,"v255"
"256",2,42416920,"v256"
"257",2,43178024,"v257"
"258",2,43693652,"v258"
"259",2,45639365,"v259"
"262",2,47070447,"v262"
"263",2,49549241,"v263"
"264",2,50115894,"v264"
"265",2,50429994,"v265"
"266",2,50878818,"v266"
"267",2,50919385,"v267"
"268",2,51004655,"v268"
"269",2,51428937,"v269"
"270",2,51922251,"v270"
"271",2,52660292,"v271"
"272",2,53197157,"v272"
"273",2,53453371,"v273"
"274",2,53497538,"v274"
"275",2,53665257,"v275"
"276",2,54615363,"v276"
"277",2,54616413,"v277"
"278",2,54679136,"v278"
"279",2,54679329,"v279"
"280",2,55248191,"v280"
"281",2,55855695,"v281"
"287",2,56384258,"v287"
"292",2,56477903,"v292"
"293",2,56746454,"v293"
"294",2,57653346,"v294"
"295",2,59382952,"v295"
"296",2,59400753,"v296"
"297",2,59901167,"v297"
"298",2,60113857,"v298"
"299",2,60608163,"v299"
"300",2,60844927,"v300"
"301",2,62629512,"v301"
"302",2,63586787,"v302"
"303",2,64119485,"v303"
"304",2,64185176,"v304"
"305",2,65324862,"v305"
"306",2,65955450,"v306"
"307",2,66434926,"v307"
"308",2,66963523,"v308"
"309",2,67299522,"v309"
"310",2,67299582,"v310"
"311",2,67299700,"v311"
"312",2,67561860,"v312"
"313",2,67909296,"v313"
"314",2,68243766,"v314"
"315",2,70068112,"v315"
"316",2,70068148,"v316"
"317",2,70495047,"v317"
"318",2,71282865,"v318"
"319",2,72095604,"v319"
"320",2,72282843,"v320"
"321",2,72479982,"v321"
"322",2,72596737,"v322"
"323",2,72923927,"v323"
"324",2,72949360,"v324"
"325",2,74420114,"v325"
"326",2,74601960,"v326"
"327",2,74620082,"v327"
"332",2,75775782,"v332"
"333",2,75775848,"v333"
"334",2,75814587,"v334"
"336",2,76179887,"v336"
"337",2,76624877,"v337"
"338",2,76838420,"v338"
"339",2,77155378,"v339"
"341",3,943340,"v341"
"342",3,943361,"v342"
"343",3,943488,"v343"
"344",3,943503,"v344"
"345",3,1108646,"v345"
"346",3,1108781,"v346"
"347",3,1108829,"v347"
"348",3,1295416,"v348"
"349",3,1400764,"v349"
"350",3,1554342,"v350"
"351",3,1634792,"v351"
"352",3,1635827,"v352"
"353",3,1724224,"v353"
"354",3,2752471,"v354"
"355",3,2763764,"v355"
"356",3,4846896,"v356"
"357",3,4847061,"v357"
"358",3,4904775,"v358"
"359",3,5433705,"v359"
"360",3,5564746,"v360"
"361",3,7439639,"v361"
"362",3,7440469,"v362"
"363",3,7491789,"v363"
"364",3,8020913,"v364"
"365",3,8800350,"v365"
"366",3,9697027,"v366"
"367",3,10798864,"v367"
"368",3,10798931,"v368"
"369",3,12089834,"v369"
"370",3,12090051,"v370"
"371",3,12677208,"v371"
"374",3,13143227,"v374"
"375",3,16400920,"v375"
"376",3,16444246,"v376"
"377",3,16475300,"v377"
"378",3,16475312,"v378"
"379",3,17368034,"v379"
"380",3,19849592,"v380"
"381",3,43279334,"v381"
"386",3,53086849,"v386"
"387",3,54393526,"v387"
"388",3,54416259,"v388"
"389",3,57494229,"v389"
"390",3,59466474,"v390"
"391",3,60849844,"v391"
"392",3,60854033,"v392"
"393",3,64479475,"v393"
"394",3,64964679,"v394"
"395",3,66154306,"v395"
"396",3,66754332,"v396"
"397",3,67332491,"v397"
"398",3,67332549,"v398"
"399",3,67332558,"v399"
"400",3,67332573,"v400"
"401",3,67535442,"v401"
"402",3,68790256,"v402"
"403",3,68969333,"v403"
"404",3,68970190,"v404"
"405",3,70257880,"v405"
"406",3,70936906,"v406"
"407",3,70937014,"v407"
"408",3,70939182,"v408"
"409",3,70939183,"v409"
"410",3,70939385,"v410"
"411",3,71155207,"v411"
"412",3,71207886,"v412"
"413",3,71834153,"v413"
"414",3,71834154,"v414"
"415",3,71908758,"v415"
"416",3,71908804,"v416"
"417",3,71910222,"v417"
"418",3,71910230,"v418"
"421",3,72972039,"v421"
"422",3,72972080,"v422"
"423",3,72976343,"v423"
"424",3,73033755,"v424"
"425",3,73033933,"v425"
"426",3,73084206,"v426"
"427",3,74322714,"v427"
"428",3,74322722,"v428"
"429",3,74322735,"v429"
"430",3,74668975,"v430"
"431",3,74668983,"v431"
"432",3,75467082,"v432"
"433",3,75517979,"v433"
"434",3,75518009,"v434"
"435",3,75518154,"v435"
"436",4,1532450,"v436"
"437",4,1532470,"v437"
"438",4,1532477,"v438"
"439",4,1532484,"v439"
"440",4,1532486,"v440"
"441",4,1532526,"v441"
"442",4,1540967,"v442"
"443",4,1682799,"v443"
"444",4,2231516,"v444"
"445",4,2446667,"v445"
"446",4,2446703,"v446"
"447",4,2479548,"v447"
"448",4,2479575,"v448"
"449",4,2712719,"v449"
"450",4,2928906,"v450"
"451",4,2928926,"v451"
"452",4,2928930,"v452"
"453",4,2928960,"v453"
"454",4,2928969,"v454"
"455",4,2928994,"v455"
"457",4,2929052,"v457"
"459",4,4258606,"v459"
"460",4,4452076,"v460"
"461",4,4795001,"v461"
"462",4,4873902,"v462"
"463",4,4874002,"v463"
"464",4,5132093,"v464"
"465",4,5132390,"v465"
"466",4,5738515,"v466"
"467",4,5741042,"v467"
"468",4,5741141,"v468"
"469",4,5813254,"v469"
"470",4,6594985,"v470"
"471",4,6594997,"v471"
"472",4,6595045,"v472"
"473",4,6733563,"v473"
"474",4,14200328,"v474"
"475",4,15518448,"v475"
"476",4,17275372,"v476"
"477",4,17960301,"v477"
"479",4,22055859,"v479"
"480",4,27151484,"v480"
"481",4,34726690,"v481"
"482",4,34804643,"v482"
"483",4,35782495,"v483"
"484",4,40690972,"v484"
"485",4,44134123,"v485"
"486",4,44603660,"v486"
"487",4,45190123,"v487"
"488",4,46193337,"v488"
"489",4,46844379,"v489"
"492",4,49452916,"v492"
"493",4,50867590,"v493"
"494",4,52170197,"v494"
"495",4,52707870,"v495"
"496",4,53068818,"v496"
"498",4,53128153,"v498"
"499",4,53577633,"v499"
"500",4,54022255,"v500"
"501",4,54218464,"v501"
"502",4,54222671,"v502"
"503",4,54302437,"v503"
"504",4,54340676,"v504"
"505",4,54444241,"v505"
"506",4,54541381,"v506"
"507",4,55365640,"v507"
"508",4,55375906,"v508"
"509",4,55375907,"v509"
"510",4,55422929,"v510"
"511",4,55423101,"v511"
"512",4,55639373,"v512"
"513",4,55702901,"v513"
"514",4,56556910,"v514"
"515",4,57077026,"v515"
"516",4,57578674,"v516"
"517",4,58015209,"v517"
"518",4,58633910,"v518"
"519",4,59098758,"v519"
"520",4,59099072,"v520"
"521",4,59879016,"v521"
"522",4,61545542,"v522"
"523",4,61763162,"v523"
"524",4,61773588,"v524"
"525",4,61995402,"v525"
"526",4,62652611,"v526"
"536",4,64877319,"v536"
"537",4,64952791,"v537"
"538",4,64993751,"v538"
"539",4,65742498,"v539"
"540",4,65754633,"v540"
"541",4,65754676,"v541"
"542",4,65754863,"v542"
"543",4,65852017,"v543"
"544",4,66619350,"v544"
"545",4,66619528,"v545"
"546",4,66694890,"v546"
"547",4,67061883,"v547"
"548",4,67347255,"v548"
"549",4,67472548,"v549"
"550",4,67472632,"v550"
"551",4,67627230,"v551"
"552",4,68507792,"v552"
"553",4,68525256,"v553"
"554",4,68584551,"v554"
"555",4,69172451,"v555"
"556",4,69911954,"v556"
"557",4,69911958,"v557"
"558",4,69911960,"v558"
"559",4,70086320,"v559"
"560",4,70086421,"v560"
"561",4,70086986,"v561"
"562",4,70203331,"v562"
"563",4,70203373,"v563"
"564",4,70409385,"v564"
"565",4,70521692,"v565"
"566",4,70640897,"v566"
"567",4,70689433,"v567"
"568",4,70689438,"v568"
"569",4,70689469,"v569"
"570",4,70689493,"v570"
"571",4,70698483,"v571"
"572",4,70698504,"v572"
"573",4,71178638,"v573"
"574",4,71301635,"v574"
"575",4,71413737,"v575"
"576",4,71415508,"v576"
"577",5,1554460,"v577"
"578",5,2705705,"v578"
"579",5,2878172,"v579"
"580",5,2878215,"v580"
"581",5,3300612,"v581"
"582",5,3415903,"v582"
"583",5,3416078,"v583"
"584",5,3416089,"v584"
"585",5,3416143,"v585"
"586",5,3517999,"v586"
"587",5,3892259,"v587"
"588",5,3892318,"v588"
"589",5,4559320,"v589"
"590",5,5971350,"v590"
"591",5,7004594,"v591"
"592",5,7004676,"v592"
"593",5,7199894,"v593"
"594",5,7633708,"v594"
"595",5,8417230,"v595"
"596",5,8417330,"v596"
"597",5,8417367,"v597"
"598",5,9312487,"v598"
"599",5,10449954,"v599"
"600",5,11098469,"v600"
"601",5,11098510,"v601"
"602",5,11098511,"v602"
"603",5,11098659,"v603"
"604",5,11098731,"v604"
"605",5,13916182,"v605"
"606",5,15686966,"v606"
"607",5,15686968,"v607"
"608",5,15686970,"v608"
"609",5,15886833,"v609"
"610",5,16103760,"v610"
"611",5,18061847,"v611"
"612",5,18561149,"v612"
"613",5,18623806,"v613"
"614",5,19545282,"v614"
"615",5,21369406,"v615"
"616",5,21682748,"v616"
"617",5,22054287,"v617"
"618",5,22054393,"v618"
"619",5,22054437,"v619"
"620",5,22054463,"v620"
"621",5,22067069,"v621"
"622",5,22090150,"v622"
"623",5,22163545,"v623"
"624",5,23191626,"v624"
"625",5,23207030,"v625"
"626",5,23364579,"v626"
"627",5,28142066,"v627"
"628",5,28308281,"v628"
"629",5,28313265,"v629"
"630",5,28499190,"v630"
"631",5,29815851,"v631"
"632",5,29821789,"v632"
"633",5,29826662,"v633"
"634",5,30458198,"v634"
"635",5,30458214,"v635"
"636",5,30458240,"v636"
"637",5,30458397,"v637"
"638",5,30852886,"v638"
"639",5,30969157,"v639"
"640",5,31005284,"v640"
"641",5,31350418,"v641"
"642",5,31350606,"v642"
"643",5,31350625,"v643"
"644",5,31350627,"v644"
"645",5,31350669,"v645"
"646",5,31371640,"v646"
"647",5,31407232,"v647"
"648",5,31407233,"v648"
"649",5,31668405,"v649"
"653",5,34174251,"v653"
"654",5,34328783,"v654"
"655",5,34361216,"v655"
"657",5,36351803,"v657"
"658",5,36376407,"v658"
"659",5,36637051,"v659"
"660",5,37436632,"v660"
"661",5,37549613,"v661"
"662",5,37816710,"v662"
"663",5,38082795,"v663"
"664",5,40130861,"v664"
"665",5,41513905,"v665"
"666",5,41863734,"v666"
"667",5,43036819,"v667"
"668",5,43292512,"v668"
"669",5,43339940,"v669"
"670",5,44377366,"v670"
"671",5,44377399,"v671"
"672",5,44377601,"v672"
"673",5,44545502,"v673"
"674",5,44743058,"v674"
"675",5,45190743,"v675"
"676",5,45345812,"v676"
"677",5,45345864,"v677"
"678",5,46254004,"v678"
"679",5,46431426,"v679"
"680",5,46568510,"v680"
"681",5,46657315,"v681"
"682",5,47184307,"v682"
"683",5,47425031,"v683"
"684",5,47543099,"v684"
"685",5,47768490,"v685"
"686",5,48012650,"v686"
"687",5,48593824,"v687"
"688",5,48593826,"v688"
"689",5,48935198,"v689"
"690",5,49629169,"v690"
"691",5,49654570,"v691"
"692",5,50168229,"v692"
"693",5,50231227,"v693"
"694",5,50231480,"v694"
"695",5,50948346,"v695"
"696",5,52200612,"v696"
"697",5,52265641,"v697"
"698",5,52285018,"v698"
"699",5,52515994,"v699"
"700",5,52516008,"v700"
"701",5,52516012,"v701"
"702",5,52575122,"v702"
"703",5,52575135,"v703"
"704",5,52931465,"v704"
"705",5,53319072,"v705"
"706",5,53394642,"v706"
"707",5,53754097,"v707"
"708",5,53921588,"v708"
"709",5,53923053,"v709"
"710",5,54303528,"v710"
"711",5,54324412,"v711"
"712",5,54324425,"v712"
"713",5,54340526,"v713"
"714",5,54817539,"v714"
"715",5,54850860,"v715"
"716",5,55024395,"v716"
"717",5,55052544,"v717"
"718",5,55282871,"v718"
"719",5,55893869,"v719"
"720",5,56755216,"v720"
"721",5,56896059,"v721"
"722",5,56962693,"v722"
"723",5,57167323,"v723"
"724",5,57167346,"v724"
"725",5,58087473,"v725"
"726",5,58732447,"v726"
"727",5,58732785,"v727"
"728",5,59332938,"v728"
"729",5,59333066,"v729"
"730",5,60021779,"v730"
"731",5,60523074,"v731"
"732",5,61076767,"v732"
"733",5,61076835,"v733"
"734",5,61076842,"v734"
"735",5,61076910,"v735"
"736",5,61202947,"v736"
"737",5,61227762,"v737"
"738",5,61275273,"v738"
"739",5,62120564,"v739"
"740",5,62259823,"v740"
"741",5,62453817,"v741"
"742",5,62731527,"v742"
"743",5,62858576,"v743"
"744",5,62858675,"v744"
"745",5,64161734,"v745"
"746",5,64611191,"v746"
"747",5,64885201,"v747"
"748",5,65000941,"v748"
"749",5,65241296,"v749"
"750",5,65313822,"v750"
"751",5,65757924,"v751"
"752",5,65946272,"v752"
"753",5,66277063,"v753"
"754",5,66813540,"v754"
"755",5,67280875,"v755"
"756",5,68145524,"v756"
"757",5,68300858,"v757"
"758",5,68331630,"v758"
"759",5,68549619,"v759"
"760",5,68688186,"v760"
"761",5,68851176,"v761"
"762",5,68854118,"v762"
"763",5,68854130,"v763"
"764",5,68854161,"v764"
"765",5,68856840,"v765"
"766",5,69387293,"v766"
"767",5,69476444,"v767"
"768",5,69476476,"v768"
"769",5,69498221,"v769"
"770",5,69498233,"v770"
"771",5,70498501,"v771"
"772",5,71920498,"v772"
"773",5,72300042,"v773"
"774",5,72794535,"v774"
"775",5,73092988,"v775"
"776",5,73336793,"v776"
"777",5,73336844,"v777"
"778",5,73429335,"v778"
"779",5,73485986,"v779"
"780",5,73486006,"v780"
"781",5,73939154,"v781"
"782",5,73939340,"v782"
"783",5,73939350,"v783"
"784",5,74153155,"v784"
"785",5,74153356,"v785"
"786",5,74299877,"v786"
"787",5,74299946,"v787"
"788",5,74358404,"v788"
"789",5,74385891,"v789"
"790",5,74385909,"v790"
"791",5,74385919,"v791"
"792",5,74438768,"v792"
"793",5,74804902,"v793"
"794",5,74804935,"v794"
"795",5,74933908,"v795"
"796",5,74934169,"v796"
"797",6,114342,"v797"
"798",6,195365,"v798"
"799",6,311798,"v799"
"800",6,557802,"v800"
"801",6,1218965,"v801"
"802",6,1413445,"v802"
"803",6,1666862,"v803"
"804",6,1718196,"v804"
"805",6,1718208,"v805"
"806",6,1750267,"v806"
"807",6,2183808,"v807"
"808",6,2436915,"v808"
"809",6,2442289,"v809"
"811",6,2979021,"v811"
"812",6,4026968,"v812"
"813",6,5314033,"v813"
"814",6,7016856,"v814"
"818",6,9008094,"v818"
"819",6,9211179,"v819"
"820",6,9211184,"v820"
"821",6,10718692,"v821"
"822",6,10858828,"v822"
"823",6,11227371,"v823"
"824",6,11265361,"v824"
"825",6,16118104,"v825"
"826",6,18924574,"v826"
"827",6,19573780,"v827"
"828",6,20333709,"v828"
"829",6,20334011,"v829"
"830",6,20938024,"v830"
"831",6,20938052,"v831"
"832",6,23065835,"v832"
"833",6,23476649,"v833"
"834",6,24203305,"v834"
"835",6,26168348,"v835"
"836",6,26883097,"v836"
"837",6,27558768,"v837"
"838",6,29173696,"v838"
"839",6,29173942,"v839"
"840",6,29409064,"v840"
"841",6,29412435,"v841"
"842",6,32516741,"v842"
"845",6,34851987,"v845"
"846",6,36474947,"v846"
"847",6,45883627,"v847"
"848",6,46070929,"v848"
"851",6,51787149,"v851"
"852",6,53364796,"v852"
"853",6,53364842,"v853"
"854",6,53364891,"v854"
"855",6,53779657,"v855"
"856",6,54395091,"v856"
"857",6,55137871,"v857"
"858",6,56312684,"v858"
"859",6,56675373,"v859"
"860",6,56839989,"v860"
"861",6,56981747,"v861"
"862",6,57578338,"v862"
"866",6,57830354,"v866"
"867",6,58212208,"v867"
"868",6,58885867,"v868"
"869",6,58885967,"v869"
"870",6,58964301,"v870"
"871",6,59488283,"v871"
"875",6,60528104,"v875"
"876",6,60690782,"v876"
"878",6,60878864,"v878"
"881",6,61040769,"v881"
"882",6,61068261,"v882"
"883",7,812401,"v883"
"884",7,1244388,"v884"
"885",7,1244437,"v885"
"886",7,1244462,"v886"
"887",7,1545813,"v887"
"888",7,1545834,"v888"
"889",7,1545862,"v889"
"890",7,1545964,"v890"
"891",7,1545968,"v891"
"892",7,1773640,"v892"
"893",7,1781011,"v893"
"895",7,2293884,"v895"
"896",7,2293911,"v896"
"904",7,4391411,"v904"
"905",7,4391415,"v905"
"906",7,4391417,"v906"
"907",7,4391419,"v907"
"908",7,4391420,"v908"
"909",7,4391429,"v909"
"910",7,4391470,"v910"
"911",7,4391556,"v911"
"912",7,4391638,"v912"
"913",7,6048992,"v913"
"914",7,6049124,"v914"
"915",7,6078558,"v915"
"916",7,6741968,"v916"
"917",7,12728023,"v917"
"918",7,14347580,"v918"
"919",7,14682208,"v919"
"920",7,15147817,"v920"
"921",7,15510574,"v921"
"922",7,15735138,"v922"
"923",7,15812066,"v923"
"924",7,15981944,"v924"
"925",7,16421937,"v925"
"926",7,16635021,"v926"
"927",7,16635071,"v927"
"928",7,16653993,"v928"
"929",7,16727593,"v929"
"930",7,16794453,"v930"
"931",7,16794526,"v931"
"932",7,17493880,"v932"
"933",7,17530312,"v933"
"934",7,17530488,"v934"
"935",7,17530545,"v935"
"936",7,17607151,"v936"
"937",7,17623677,"v937"
"938",7,17905261,"v938"
"939",7,18524786,"v939"
"940",7,18524787,"v940"
"941",7,18524798,"v941"
"942",7,18524832,"v942"
"943",7,18524844,"v943"
"944",7,18524954,"v944"
"945",7,18525017,"v945"
"946",7,18611546,"v946"
"947",7,18638774,"v947"
"948",7,18923931,"v948"
"949",7,18923940,"v949"
"950",7,19191146,"v950"
"951",7,19199140,"v951"
"952",7,19754168,"v952"
"953",7,20099113,"v953"
"954",7,20099117,"v954"
"955",7,20649339,"v955"
"956",7,20837783,"v956"
"957",7,20855164,"v957"
"958",7,21608229,"v958"
"959",7,23108909,"v959"
"960",7,24863049,"v960"
"961",7,25192706,"v961"
"962",7,25873691,"v962"
"963",7,25873693,"v963"
"964",7,26550838,"v964"
"965",7,26550941,"v965"
"966",7,27030385,"v966"
"967",7,27030650,"v967"
"968",7,27443869,"v968"
"969",7,28372682,"v969"
"970",7,28372807,"v970"
"971",7,28372949,"v971"
"974",7,28669336,"v974"
"975",7,28669411,"v975"
"976",7,29442298,"v976"
"977",7,30348157,"v977"
"978",7,30360895,"v978"
"979",7,30590000,"v979"
"980",7,30679845,"v980"
"981",7,30730764,"v981"
"982",7,31819968,"v982"
"983",7,31933943,"v983"
"984",7,31967728,"v984"
"985",7,33154609,"v985"
"986",7,34169176,"v986"
"987",7,35501104,"v987"
"988",7,35707004,"v988"
"989",7,35855058,"v989"
"990",7,36530331,"v990"
"991",7,38698960,"v991"
"992",7,39618915,"v992"
"993",7,40188083,"v993"
"994",7,40800407,"v994"
"995",7,42874757,"v995"
"996",7,42874764,"v996"
"997",7,42874770,"v997"
"998",7,45000534,"v998"
"999",7,45537454,"v999"
"1000",7,46090355,"v1000"
"1001",7,46406689,"v1001"
"1002",7,46906120,"v1002"
"1003",7,46906151,"v1003"
"1004",7,46906216,"v1004"
"1005",7,51668579,"v1005"
"1006",7,51885409,"v1006"
"1007",7,51885414,"v1007"
"1008",7,52675989,"v1008"
"1009",7,52676001,"v1009"
"1010",7,59742972,"v1010"
"1011",7,61308931,"v1011"
"1012",7,61908808,"v1012"
"1013",7,63320030,"v1013"
"1014",7,63518193,"v1014"
"1015",7,63596445,"v1015"
"1016",7,63720592,"v1016"
"1017",7,63733398,"v1017"
"1018",7,63736073,"v1018"
"1020",7,63971545,"v1020"
"1021",7,64011286,"v1021"
"1022",7,64011314,"v1022"
"1023",7,64038851,"v1023"
"1024",7,64038867,"v1024"
"1025",7,64376514,"v1025"
"1026",7,64745358,"v1026"
"1027",7,64745371,"v1027"
"1028",7,65360261,"v1028"
"1029",7,65616726,"v1029"
"1030",7,65926688,"v1030"
"1031",7,65926700,"v1031"
"1032",7,66177673,"v1032"
"1033",7,66177689,"v1033"
"1034",7,66206307,"v1034"
"1035",7,66304271,"v1035"
"1036",7,66304272,"v1036"
"1037",7,66304307,"v1037"
"1038",7,66304320,"v1038"
"1040",8,977239,"v1040"
"1042",8,1706750,"v1042"
"1045",8,1931783,"v1045"
"1046",8,2303214,"v1046"
"1047",8,2303278,"v1047"
"1048",8,2313712,"v1048"
"1049",8,2656892,"v1049"
"1050",8,2719181,"v1050"
"1051",8,2719330,"v1051"
"1052",8,2761014,"v1052"
"1053",8,3394160,"v1053"
"1055",8,4611718,"v1055"
"1056",8,5246776,"v1056"
"1057",8,6124641,"v1057"
"1058",8,6124846,"v1058"
"1059",8,6124891,"v1059"
"1060",8,6125414,"v1060"
"1061",8,6955212,"v1061"
"1062",8,7165160,"v1062"
"1063",8,7291181,"v1063"
"1064",8,7502289,"v1064"
"1065",8,8079692,"v1065"
"1066",8,8110288,"v1066"
"1067",8,8110289,"v1067"
"1068",8,8612149,"v1068"
"1069",8,8858319,"v1069"
"1070",8,9664465,"v1070"
"1071",8,10568934,"v1071"
"1072",8,17168599,"v1072"
"1073",8,19947350,"v1073"
"1074",8,21242389,"v1074"
"1075",8,22399625,"v1075"
"1077",8,28305070,"v1077"
"1081",8,29502289,"v1081"
"1082",8,30705987,"v1082"
"1083",8,30729111,"v1083"
"1084",8,33800178,"v1084"
"1085",8,34495620,"v1085"
"1086",8,36278648,"v1086"
"1087",8,37403038,"v1087"
"1088",8,37403133,"v1088"
"1089",8,38005815,"v1089"
"1090",8,38006001,"v1090"
"1091",8,42424021,"v1091"
"1092",8,44697752,"v1092"
"1093",8,45132820,"v1093"
"1094",8,45157957,"v1094"
"1095",8,46052566,"v1095"
"1096",8,46462653,"v1096"
"1097",8,48290086,"v1097"
"1098",8,49135519,"v1098"
"1099",8,49135724,"v1099"
"1100",8,49707223,"v1100"
"1101",8,49707325,"v1101"
"1102",8,49917042,"v1102"
"1103",8,52662637,"v1103"
"1104",8,54014936,"v1104"
"1105",8,55946390,"v1105"
"1106",8,56254077,"v1106"
"1107",8,56254089,"v1107"
"1108",8,56785202,"v1108"
"1109",8,56785363,"v1109"
"1110",8,57450734,"v1110"
"1111",8,57450735,"v1111"
"1112",8,57450802,"v1112"
"1113",8,57527894,"v1113"
"1114",8,57527920,"v1114"
"1115",8,57527934,"v1115"
"1116",8,57527989,"v1116"
"1117",8,57528641,"v1117"
"1118",8,57528704,"v1118"
"1119",8,57572901,"v1119"
"1120",8,58505285,"v1120"
"1121",8,60013039,"v1121"
"1122",8,60013047,"v1122"
"1123",8,60259061,"v1123"
"1124",8,60259180,"v1124"
"1125",8,60478603,"v1125"
"1126",8,60478800,"v1126"
"1127",8,60479049,"v1127"
"1128",8,61341965,"v1128"
"1129",8,62191836,"v1129"
"1130",8,62315561,"v1130"
"1131",8,62484350,"v1131"
"1132",8,62484361,"v1132"
"1133",8,62484365,"v1133"
"1134",8,62484539,"v1134"
"1135",8,62540239,"v1135"
"1136",8,63303754,"v1136"
"1137",8,63698372,"v1137"
"1138",8,63698394,"v1138"
"1139",8,64657168,"v1139"
"1140",8,65017358,"v1140"
"1141",8,65477460,"v1141"
"1142",8,65502504,"v1142"
"1143",8,65523638,"v1143"
"1144",8,65906066,"v1144"
"1145",8,66350883,"v1145"
"1146",8,66369601,"v1146"
"1147",8,66526122,"v1147"
"1148",8,66655106,"v1148"
"1149",8,67508029,"v1149"
"1150",8,68383621,"v1150"
"1152",9,1875613,"v1152"
"1153",9,2377057,"v1153"
"1155",9,4120667,"v1155"
"1156",9,4120691,"v1156"
"1157",9,4298085,"v1157"
"1158",9,6604195,"v1158"
"1159",9,6827743,"v1159"
"1160",9,10074136,"v1160"
"1161",9,10816117,"v1161"
"1162",9,11106872,"v1162"
"1163",9,11401911,"v1163"
"1164",9,11401951,"v1164"
"1165",9,13405090,"v1165"
"1166",9,13557406,"v1166"
"1167",9,13917525,"v1167"
"1168",9,13976962,"v1168"
"1169",9,15019000,"v1169"
"1170",9,17413066,"v1170"
"1171",9,19101003,"v1171"
"1172",9,27839552,"v1172"
"1173",9,28546062,"v1173"
"1174",9,28546283,"v1174"
"1175",9,30044251,"v1175"
"1176",9,30918531,"v1176"
"1177",9,33779920,"v1177"
"1178",9,44573092,"v1178"
"1181",9,51931739,"v1181"
"1182",9,55283117,"v1182"
"1183",9,55935894,"v1183"
"1184",9,55962579,"v1184"
"1185",9,56005270,"v1185"
"1186",9,56154526,"v1186"
"1187",9,56231476,"v1187"
"1188",9,58011358,"v1188"
"1189",9,58860405,"v1189"
"1190",9,58860505,"v1190"
"1191",9,60223841,"v1191"
"1192",9,61072254,"v1192"
"1193",9,61718449,"v1193"
"1194",9,62553049,"v1194"
"1195",9,62731490,"v1195"
"1196",9,62850016,"v1196"
"1197",9,62850055,"v1197"
"1198",9,62850230,"v1198"
"1199",9,62850232,"v1199"
"1200",9,62850235,"v1200"
"1201",9,62850263,"v1201"
"1202",9,62850266,"v1202"
"1203",9,62850288,"v1203"
"1204",9,62850303,"v1204"
"1205",9,62869582,"v1205"
"1206",9,63066176,"v1206"
"1207",9,63068035,"v1207"
"1209",9,64252424,"v1209"
"1210",9,64673628,"v1210"
"1211",9,64732494,"v1211"
"1212",9,65448093,"v1212"
"1213",9,65504196,"v1213"
"1214",10,741885,"v1214"
"1215",10,742021,"v1215"
"1226",10,1574516,"v1226"
"1227",10,1574519,"v1227"
"1228",10,1574891,"v1228"
"1229",10,1584843,"v1229"
"1230",10,1584883,"v1230"
"1231",10,1584922,"v1231"
"1232",10,3257445,"v1232"
"1233",10,3257526,"v1233"
"1234",10,3456111,"v1234"
"1235",10,3471276,"v1235"
"1236",10,3567866,"v1236"
"1237",10,4984865,"v1237"
"1238",10,5202672,"v1238"
"1239",10,5457100,"v1239"
"1240",10,5535286,"v1240"
"1241",10,14322795,"v1241"
"1242",10,16023809,"v1242"
"1243",10,16023832,"v1243"
"1244",10,16023942,"v1244"
"1246",10,22740548,"v1246"
"1247",10,26508849,"v1247"
"1248",10,27571280,"v1248"
"1249",10,27571306,"v1249"
"1250",10,29447199,"v1250"
"1251",10,30588543,"v1251"
"1252",10,31450555,"v1252"
"1253",10,31456895,"v1253"
"1254",10,31456906,"v1254"
"1255",10,34180963,"v1255"
"1256",10,34741604,"v1256"
"1257",10,34863443,"v1257"
"1258",10,38570589,"v1258"
"1259",10,39817828,"v1259"
"1260",10,40275226,"v1260"
"1261",10,42285549,"v1261"
"1262",10,42339433,"v1262"
"1263",10,42781839,"v1263"
"1265",10,43048485,"v1265"
"1266",10,43048531,"v1266"
"1267",10,44209457,"v1267"
"1268",10,44975885,"v1268"
"1269",10,45440610,"v1269"
"1270",10,45440786,"v1270"
"1271",10,45518416,"v1271"
"1272",10,47824839,"v1272"
"1273",10,48975943,"v1273"
"1274",10,49626234,"v1274"
"1275",10,50416272,"v1275"
"1276",10,50454474,"v1276"
"1277",10,50473755,"v1277"
"1278",10,50961608,"v1278"
"1279",10,51619987,"v1279"
"1280",10,52125061,"v1280"
"1281",10,52487662,"v1281"
"1282",10,53267750,"v1282"
"1283",10,53267962,"v1283"
"1284",10,53267968,"v1284"
"1285",10,53710910,"v1285"
"1286",10,53711221,"v1286"
"1287",10,53711337,"v1287"
"1288",10,53711358,"v1288"
"1289",10,53756782,"v1289"
"1291",10,54716697,"v1291"
"1292",10,54885928,"v1292"
"1293",10,55265367,"v1293"
"1294",10,56057001,"v1294"
"1295",10,56944137,"v1295"
"1296",10,57173730,"v1296"
"1297",10,57173754,"v1297"
"1298",10,57173772,"v1298"
"1299",10,57200071,"v1299"
"1300",10,57200455,"v1300"
"1301",10,57535597,"v1301"
"1302",10,57535714,"v1302"
"1303",10,57842865,"v1303"
"1304",10,57842885,"v1304"
"1305",10,57902289,"v1305"
"1306",10,57957880,"v1306"
"1307",10,57958026,"v1307"
"1308",10,58032399,"v1308"
"1309",10,58282073,"v1309"
"1310",10,58282081,"v1310"
"1311",10,58282103,"v1311"
"1312",10,58363985,"v1312"
"1313",10,59080730,"v1313"
"1314",10,59630818,"v1314"
"1315",10,60011782,"v1315"
"1316",10,60337411,"v1316"
"1317",10,60337439,"v1317"
"1318",10,60403298,"v1318"
"1319",10,60403325,"v1319"
"1320",10,60405118,"v1320"
"1321",10,60551539,"v1321"
"1322",10,60551707,"v1322"
"1323",10,60552710,"v1323"
"1324",10,61233655,"v1324"
"1325",10,61315788,"v1325"
"1326",10,61315863,"v1326"
"1327",10,61315872,"v1327"
"1328",10,61315918,"v1328"
"1329",10,61543761,"v1329"
"1330",10,61543786,"v1330"
"1331",10,61665845,"v1331"
"1332",10,61665910,"v1332"
"1333",10,61682006,"v1333"
"1334",10,61703533,"v1334"
"1335",10,61703543,"v1335"
"1336",10,62288734,"v1336"
"1337",10,62295676,"v1337"
"1340",10,62538479,"v1340"
"1345",10,62951814,"v1345"
"1351",11,4181901,"v1351"
"1356",11,4652941,"v1356"
"1357",11,5230631,"v1357"
"1360",11,5298477,"v1360"
"1361",11,5428942,"v1361"
"1362",11,5450607,"v1362"
"1363",11,5450626,"v1363"
"1364",11,5450723,"v1364"
"1365",11,5798375,"v1365"
"1366",11,7125046,"v1366"
"1367",11,7304314,"v1367"
"1368",11,7304377,"v1368"
"1369",11,7647383,"v1369"
"1375",11,8140489,"v1375"
"1376",11,9352249,"v1376"
"1377",11,9352250,"v1377"
"1378",11,9352269,"v1378"
"1379",11,9352294,"v1379"
"1380",11,11868765,"v1380"
"1381",11,13900303,"v1381"
"1382",11,13900309,"v1382"
"1383",11,13900361,"v1383"
"1384",11,13940320,"v1384"
"1388",11,18734931,"v1388"
"1389",11,20271872,"v1389"
"1390",11,21097789,"v1390"
"1391",11,21097850,"v1391"
"1392",11,21193807,"v1392"
"1393",11,24482303,"v1393"
"1394",11,25402972,"v1394"
"1395",11,25402991,"v1395"
"1396",11,26091934,"v1396"
"1397",11,27411031,"v1397"
"1398",11,27411460,"v1398"
"1399",11,28130902,"v1399"
"1400",11,31395439,"v1400"
"1401",11,32977450,"v1401"
"1402",11,33397704,"v1402"
"1403",11,33517053,"v1403"
"1404",11,36359444,"v1404"
"1405",11,37162264,"v1405"
"1406",11,37162530,"v1406"
"1407",11,37166250,"v1407"
"1408",11,37480863,"v1408"
"1409",11,37712517,"v1409"
"1410",11,38353562,"v1410"
"1411",11,38572715,"v1411"
"1412",11,38586677,"v1412"
"1413",11,40272286,"v1413"
"1414",11,42224146,"v1414"
"1415",11,43945188,"v1415"
"1416",11,44546032,"v1416"
"1417",11,46147059,"v1417"
"1418",11,46249014,"v1418"
"1419",11,46420025,"v1419"
"1420",11,47641435,"v1420"
"1421",11,49906739,"v1421"
"1422",11,50822157,"v1422"
"1423",11,54880795,"v1423"
"1424",11,56702879,"v1424"
"1425",11,56801764,"v1425"
"1426",11,56803028,"v1426"
"1427",11,57164442,"v1427"
"1428",11,58004504,"v1428"
"1429",11,58253893,"v1429"
"1430",11,58253901,"v1430"
"1431",11,58276647,"v1431"
"1432",11,58276814,"v1432"
"1433",11,58373984,"v1433"
"1434",12,462795,"v1434"
"1435",12,720694,"v1435"
"1436",12,720827,"v1436"
"1437",12,752994,"v1437"
"1438",12,904198,"v1438"
"1439",12,916054,"v1439"
"1440",12,981881,"v1440"
"1441",12,981893,"v1441"
"1442",12,1429081,"v1442"
"1443",12,1431503,"v1443"
"1444",12,1474034,"v1444"
"1445",12,1892939,"v1445"
"1446",12,2268293,"v1446"
"1449",12,2498527,"v1449"
"1450",12,2524560,"v1450"
"1451",12,2541128,"v1451"
"1452",12,2803956,"v1452"
"1453",12,2804088,"v1453"
"1454",12,2943084,"v1454"
"1455",12,3441074,"v1455"
"1456",12,4174014,"v1456"
"1457",12,4174262,"v1457"
"1458",12,5685609,"v1458"
"1459",12,5713330,"v1459"
"1460",12,6058080,"v1460"
"1461",12,6238280,"v1461"
"1462",12,6642353,"v1462"
"1463",12,8739283,"v1463"
"1464",12,8990559,"v1464"
"1465",12,9027039,"v1465"
"1471",12,12096763,"v1471"
"1472",12,14570558,"v1472"
"1473",12,14583122,"v1473"
"1474",12,14583188,"v1474"
"1475",12,14583194,"v1475"
"1476",12,15810134,"v1476"
"1477",12,16922935,"v1477"
"1478",12,17465172,"v1478"
"1479",12,19027724,"v1479"
"1480",12,21349708,"v1480"
"1481",12,27872187,"v1481"
"1482",12,30355807,"v1482"
"1483",12,30703485,"v1483"
"1484",12,32336741,"v1484"
"1485",12,34601946,"v1485"
"1486",12,34602023,"v1486"
"1487",12,35421566,"v1487"
"1488",12,36462879,"v1488"
"1489",12,37875882,"v1489"
"1490",12,37937162,"v1490"
"1491",12,37944127,"v1491"
"1494",12,39261428,"v1494"
"1495",12,44248107,"v1495"
"1496",12,46590327,"v1496"
"1497",12,49420292,"v1497"
"1499",12,51866915,"v1499"
"1503",12,52777037,"v1503"
"1504",12,52921516,"v1504"
"1506",12,53536279,"v1506"
"1507",12,53536292,"v1507"
"1508",12,53536321,"v1508"
"1509",12,53536331,"v1509"
"1511",12,53536387,"v1511"
"1512",12,53536408,"v1512"
"1513",12,55370768,"v1513"
"1514",12,55877113,"v1514"
"1515",12,55880808,"v1515"
"1516",12,55905474,"v1516"
"1517",12,55905547,"v1517"
"1518",12,55905573,"v1518"
"1519",12,55905574,"v1519"
"1520",12,55905575,"v1520"
"1521",12,55905576,"v1521"
"1522",12,55905616,"v1522"
"1523",12,55912519,"v1523"
"1524",12,55912520,"v1524"
"1525",12,55912567,"v1525"
"1526",12,55912579,"v1526"
"1527",12,55912643,"v1527"
"1528",12,58170763,"v1528"
"1529",12,58170767,"v1529"
"1530",12,59201905,"v1530"
"1531",12,59201915,"v1531"
"1532",12,59800259,"v1532"
"1533",12,60368634,"v1533"
"1534",12,60716468,"v1534"
"1535",12,60774965,"v1535"
"1536",12,60775688,"v1536"
"1537",12,62513337,"v1537"
"1538",12,62513360,"v1538"
"1539",12,62513367,"v1539"
"1540",12,62513537,"v1540"
"1541",12,62513557,"v1541"
"1542",12,62513559,"v1542"
"1543",12,62513603,"v1543"
"1544",12,62523508,"v1544"
"1545",12,62523521,"v1545"
"1546",12,62523540,"v1546"
"1547",12,62523610,"v1547"
"1548",12,62668383,"v1548"
"1549",12,62668393,"v1549"
"1550",12,62668410,"v1550"
"1551",12,62668439,"v1551"
"1552",12,62668468,"v1552"
"1553",12,62668542,"v1553"
"1554",12,62668545,"v1554"
"1555",13,308804,"v1555"
"1556",13,308862,"v1556"
"1557",13,437113,"v1557"
"1558",13,801331,"v1558"
"1559",13,958280,"v1559"
"1560",13,958295,"v1560"
"1561",13,1038493,"v1561"
"1562",13,1183118,"v1562"
"1563",13,1183175,"v1563"
"1564",13,1227875,"v1564"
"1565",13,1692095,"v1565"
"1566",13,1716666,"v1566"
"1567",13,1716726,"v1567"
"1568",13,1716756,"v1568"
"1569",13,1716760,"v1569"
"1570",13,1716768,"v1570"
"1572",13,2133284,"v1572"
"1573",13,2333737,"v1573"
"1574",13,2334879,"v1574"
"1575",13,2334890,"v1575"
"1576",13,2335219,"v1576"
"1579",13,2749693,"v1579"
"1580",13,4147083,"v1580"
"1581",13,4180962,"v1581"
"1582",13,4984025,"v1582"
"1583",13,5380938,"v1583"
"1584",13,5946085,"v1584"
"1585",13,6940969,"v1585"
"1586",13,8589614,"v1586"
"1587",13,9253014,"v1587"
"1588",13,9533889,"v1588"
"1589",13,10452371,"v1589"
"1590",13,10491723,"v1590"
"1591",13,13030831,"v1591"
"1592",13,18119480,"v1592"
"1593",13,18119732,"v1593"
"1594",13,18120921,"v1594"
"1595",13,18735360,"v1595"
"1596",13,18796288,"v1596"
"1597",13,19715622,"v1597"
"1598",13,19715752,"v1598"
"1599",13,19782441,"v1599"
"1600",13,19959166,"v1600"
"1601",13,20010576,"v1601"
"1602",13,20030681,"v1602"
"1603",13,20378779,"v1603"
"1604",13,21856115,"v1604"
"1605",13,21860219,"v1605"
"1606",13,25763608,"v1606"
"1607",13,25779196,"v1607"
"1608",13,26437154,"v1608"
"1609",13,29273493,"v1609"
"1610",13,29834953,"v1610"
"1611",13,34224629,"v1611"
"1612",13,34691969,"v1612"
"1613",13,35263234,"v1613"
"1614",13,37429948,"v1614"
"1615",13,37429983,"v1615"
"1616",13,37547815,"v1616"
"1617",13,39343916,"v1617"
"1618",13,41620760,"v1618"
"1619",13,42042741,"v1619"
"1620",13,43076101,"v1620"
"1621",13,43205341,"v1621"
"1622",13,43564198,"v1622"
"1623",13,47565636,"v1623"
"1630",13,53069981,"v1630"
"1631",13,53620262,"v1631"
"1632",13,54549536,"v1632"
"1634",13,56750152,"v1634"
"1635",13,56764158,"v1635"
"1636",13,56767204,"v1636"
"1637",13,56769882,"v1637"
"1638",13,57350807,"v1638"
"1639",13,57689964,"v1639"
"1640",13,57766066,"v1640"
"1641",14,137276,"v1641"
"1642",14,216915,"v1642"
"1643",14,216927,"v1643"
"1644",14,216991,"v1644"
"1645",14,393764,"v1645"
"1646",14,718055,"v1646"
"1647",14,913665,"v1647"
"1648",14,929902,"v1648"
"1649",14,930824,"v1649"
"1650",14,1475321,"v1650"
"1651",14,1475552,"v1651"
"1652",14,1480419,"v1652"
"1653",14,1480440,"v1653"
"1654",14,1568743,"v1654"
"1659",14,4385668,"v1659"
"1660",14,4398190,"v1660"
"1661",14,4484206,"v1661"
"1662",14,5328907,"v1662"
"1663",14,5530162,"v1663"
"1664",14,5530322,"v1664"
"1665",14,6178970,"v1665"
"1666",14,6179385,"v1666"
"1667",14,6209571,"v1667"
"1668",14,6345386,"v1668"
"1669",14,7795756,"v1669"
"1670",14,7828808,"v1670"
"1671",14,8390920,"v1671"
"1672",14,9593211,"v1672"
"1673",14,12409636,"v1673"
"1674",14,14805664,"v1674"
"1675",14,16166771,"v1675"
"1676",14,16290823,"v1676"
"1677",14,27195330,"v1677"
"1678",14,28189659,"v1678"
"1679",14,28189713,"v1679"
"1680",14,28711449,"v1680"
"1681",14,28711512,"v1681"
"1682",14,29126606,"v1682"
"1683",14,29259325,"v1683"
"1684",14,30159200,"v1684"
"1685",14,30596925,"v1685"
"1686",14,34650103,"v1686"
"1687",14,35195222,"v1687"
"1688",14,39022002,"v1688"
"1689",14,40208970,"v1689"
"1690",14,40209158,"v1690"
"1691",14,45434613,"v1691"
"1692",14,46338634,"v1692"
"1693",14,46755712,"v1693"
"1694",14,48886779,"v1694"
"1695",14,49003772,"v1695"
"1696",14,49077108,"v1696"
"1697",14,49077147,"v1697"
"1698",14,49099135,"v1698"
"1699",14,49797308,"v1699"
"1701",14,51327788,"v1701"
"1702",14,51349211,"v1702"
"1703",14,51349364,"v1703"
"1704",14,51644789,"v1704"
"1705",14,51644844,"v1705"
"1706",14,51644861,"v1706"
"1707",14,51644864,"v1707"
"1708",14,51644912,"v1708"
"1709",14,51646929,"v1709"
"1710",14,51647142,"v1710"
"1711",14,51775832,"v1711"
"1712",14,51845164,"v1712"
"1721",14,54065592,"v1721"
"1722",14,54065754,"v1722"
"1723",15,1053272,"v1723"
"1724",15,1224620,"v1724"
"1725",15,1266004,"v1725"
"1726",15,1369670,"v1726"
"1727",15,1500773,"v1727"
"1728",15,1500999,"v1728"
"1729",15,1511786,"v1729"
"1730",15,1884679,"v1730"
"1731",15,1884721,"v1731"
"1732",15,1989219,"v1732"
"1733",15,1989283,"v1733"
"1734",15,1989477,"v1734"
"1735",15,1989522,"v1735"
"1736",15,2103517,"v1736"
"1739",15,4038310,"v1739"
"1743",15,5386422,"v1743"
"1744",15,10436621,"v1744"
"1745",15,10544950,"v1745"
"1746",15,12047916,"v1746"
"1747",15,12047932,"v1747"
"1748",15,12488575,"v1748"
"1749",15,12591814,"v1749"
"1750",15,13720053,"v1750"
"1751",15,13910734,"v1751"
"1752",15,15066275,"v1752"
"1753",15,15623875,"v1753"
"1754",15,17273915,"v1754"
"1755",15,17968918,"v1755"
"1756",15,17968988,"v1756"
"1757",15,17969017,"v1757"
"1758",15,20319058,"v1758"
"1759",15,21220531,"v1759"
"1760",15,21956820,"v1760"
"1761",15,21956821,"v1761"
"1762",15,22789653,"v1762"
"1764",15,24294306,"v1764"
"1765",15,24487072,"v1765"
"1766",15,24875557,"v1766"
"1767",15,27445938,"v1767"
"1768",15,29222642,"v1768"
"1769",15,29245439,"v1769"
"1770",15,29718082,"v1770"
"1771",15,29718110,"v1771"
"1772",15,30352510,"v1772"
"1773",15,30444862,"v1773"
"1774",15,35295410,"v1774"
"1775",15,35405999,"v1775"
"1776",15,36588464,"v1776"
"1777",15,36588682,"v1777"
"1778",15,36888451,"v1778"
"1779",15,37117551,"v1779"
"1780",15,37117762,"v1780"
"1781",15,37306010,"v1781"
"1782",15,38791785,"v1782"
"1783",15,39353462,"v1783"
"1784",15,40716339,"v1784"
"1785",15,40718814,"v1785"
"1786",15,40760691,"v1786"
"1787",15,42524737,"v1787"
"1788",15,42524909,"v1788"
"1789",15,42657397,"v1789"
"1790",15,43141729,"v1790"
"1791",15,43409356,"v1791"
"1792",15,43712644,"v1792"
"1793",15,46080656,"v1793"
"1794",15,48577232,"v1794"
"1795",15,49918570,"v1795"
"1796",15,50036265,"v1796"
"1797",15,50117444,"v1797"
"1798",15,51052383,"v1798"
"1799",15,51527457,"v1799"
"1800",15,51666874,"v1800"
"1801",15,51765114,"v1801"
"1802",15,51773469,"v1802"
"1803",15,52393620,"v1803"
"1804",15,52393623,"v1804"
"1805",15,52393644,"v1805"
"1806",15,52456075,"v1806"
"1807",15,52636668,"v1807"
"1808",15,52768156,"v1808"
"1809",15,53501917,"v1809"
"1810",15,53501943,"v1810"
"1811",15,53502027,"v1811"
"1812",15,53516006,"v1812"
"1813",15,53516034,"v1813"
"1814",15,53516076,"v1814"
"1815",15,53516087,"v1815"
"1816",15,53516229,"v1816"
"1817",15,53516252,"v1817"
"1818",15,53955053,"v1818"
"1819",15,53955557,"v1819"
"1820",15,54076649,"v1820"
"1821",15,54541602,"v1821"
"1823",15,54736430,"v1823"
"1824",15,54756798,"v1824"
"1825",15,54978266,"v1825"
"1826",15,54978298,"v1826"
"1827",15,54978307,"v1827"
"1829",16,671240,"v1829"
"1830",16,829875,"v1830"
"1831",16,1371035,"v1831"
"1832",16,3883130,"v1832"
"1833",16,4121577,"v1833"
"1834",16,5061925,"v1834"
"1835",16,5261408,"v1835"
"1836",16,5996917,"v1836"
"1837",16,6335025,"v1837"
"1838",16,6685602,"v1838"
"1839",16,6685622,"v1839"
"1840",16,6759369,"v1840"
"1841",16,7383497,"v1841"
"1842",16,7515865,"v1842"
"1843",16,9407980,"v1843"
"1844",16,12688541,"v1844"
"1845",16,16350727,"v1845"
"1846",16,16750390,"v1846"
"1847",16,19535319,"v1847"
"1848",16,19659358,"v1848"
"1849",16,19726128,"v1849"
"1850",16,19855179,"v1850"
"1851",16,21309157,"v1851"
"1852",16,22084255,"v1852"
"1853",16,22323718,"v1853"
"1854",16,22370792,"v1854"
"1855",16,22412770,"v1855"
"1862",16,22843765,"v1862"
"1863",16,22843795,"v1863"
"1868",16,22862641,"v1868"
"1871",16,23819944,"v1871"
"1872",16,23992746,"v1872"
"1873",16,24150485,"v1873"
"1874",16,25641376,"v1874"
"1880",16,27313256,"v1880"
"1882",16,34656458,"v1882"
"1883",16,35841640,"v1883"
"1884",16,36350680,"v1884"
"1885",16,38090879,"v1885"
"1886",16,38779710,"v1886"
"1887",16,39586540,"v1887"
"1888",16,39815947,"v1888"
"1894",16,42529637,"v1894"
"1895",16,42891246,"v1895"
"1896",16,46140278,"v1896"
"1897",16,46466452,"v1897"
"1898",16,47286824,"v1898"
"1899",16,48846678,"v1899"
"1900",16,50192063,"v1900"
"1901",16,50240432,"v1901"
"1907",16,60165220,"v1907"
"1908",16,60165265,"v1908"
"1909",16,60284852,"v1909"
"1910",16,60529621,"v1910"
"1912",16,61628194,"v1912"
"1913",16,61650707,"v1913"
"1914",16,61661124,"v1914"
"1915",16,61661416,"v1915"
"1916",16,61698801,"v1916"
"1917",17,590029,"v1917"
"1918",17,622116,"v1918"
"1919",17,622210,"v1919"
"1920",17,653917,"v1920"
"1921",17,696013,"v1921"
"1922",17,1135359,"v1922"
"1923",17,1207746,"v1923"
"1924",17,1272294,"v1924"
"1925",17,2329659,"v1925"
"1926",17,2329662,"v1926"
"1927",17,2329718,"v1927"
"1928",17,3517682,"v1928"
"1929",17,12329322,"v1929"
"1930",17,13862020,"v1930"
"1931",17,15089156,"v1931"
"1932",17,15089191,"v1932"
"1933",17,15089434,"v1933"
"1934",17,15118218,"v1934"
"1935",17,15543138,"v1935"
"1936",17,15710973,"v1936"
"1937",17,15710993,"v1937"
"1938",17,16500543,"v1938"
"1939",17,16500560,"v1939"
"1940",17,16551539,"v1940"
"1941",17,16961714,"v1941"
"1942",17,17309173,"v1942"
"1943",17,17526517,"v1943"
"1944",17,17644151,"v1944"
"1945",17,17979418,"v1945"
"1946",17,18308782,"v1946"
"1947",17,18308796,"v1947"
"1948",17,18308834,"v1948"
"1949",17,18309019,"v1949"
"1950",17,18502374,"v1950"
"1951",17,19350124,"v1951"
"1952",17,19607617,"v1952"
"1953",17,23110257,"v1953"
"1954",17,26287097,"v1954"
"1955",17,27201862,"v1955"
"1956",17,28610504,"v1956"
"1957",17,29917023,"v1957"
"1958",17,30837423,"v1958"
"1959",17,30843049,"v1959"
"1960",17,31193653,"v1960"
"1961",17,31476366,"v1961"
"1962",17,31664577,"v1962"
"1963",17,32721630,"v1963"
"1964",17,32735106,"v1964"
"1965",17,33023774,"v1965"
"1966",17,33059318,"v1966"
"1967",17,34436859,"v1967"
"1968",17,37870162,"v1968"
"1969",17,39456905,"v1969"
"1970",17,41540462,"v1970"
"1971",17,41729767,"v1971"
"1972",17,41812951,"v1972"
"1973",17,41838232,"v1973"
"1974",17,41838238,"v1974"
"1975",17,42065683,"v1975"
"1976",17,42214725,"v1976"
"1977",17,42215007,"v1977"
"1978",17,42614246,"v1978"
"1979",17,43740761,"v1979"
"1980",17,44240251,"v1980"
"1981",17,44304693,"v1981"
"1982",17,44392133,"v1982"
"1983",17,44392222,"v1983"
"1984",17,44840332,"v1984"
"1985",17,44845437,"v1985"
"1986",17,45285537,"v1986"
"1987",17,46342169,"v1987"
"1988",17,48423032,"v1988"
"1989",17,49096020,"v1989"
"1990",17,50391016,"v1990"
"1994",17,51210424,"v1994"
"1995",17,51210592,"v1995"
"1996",17,51279943,"v1996"
"1997",17,51279978,"v1997"
"1998",17,51279984,"v1998"
"1999",17,51279985,"v1999"
"2001",17,52284910,"v2001"
"2007",17,52727932,"v2007"
"2008",17,52993576,"v2008"
"2009",17,53026631,"v2009"
"2010",17,53026637,"v2010"
"2016",17,53630601,"v2016"
"2017",17,53709458,"v2017"
"2018",18,542134,"v2018"
"2019",18,578808,"v2019"
"2020",18,1551541,"v2020"
"2021",18,1965312,"v2021"
"2022",18,2170465,"v2022"
"2023",18,3308802,"v2023"
"2024",18,4407427,"v2024"
"2025",18,5695743,"v2025"
"2026",18,5695827,"v2026"
"2027",18,5695829,"v2027"
"2028",18,6408636,"v2028"
"2029",18,6495461,"v2029"
"2030",18,6527640,"v2030"
"2031",18,6873705,"v2031"
"2032",18,6897413,"v2032"
"2033",18,7934761,"v2033"
"2034",18,7934777,"v2034"
"2035",18,9419753,"v2035"
"2036",18,12749333,"v2036"
"2037",18,12985307,"v2037"
"2038",18,14209716,"v2038"
"2039",18,14224645,"v2039"
"2040",18,14310180,"v2040"
"2041",18,16713682,"v2041"
"2042",18,18585225,"v2042"
"2043",18,20627286,"v2043"
"2044",18,20627484,"v2044"
"2045",18,22423577,"v2045"
"2046",18,22530290,"v2046"
"2047",18,24092336,"v2047"
"2048",18,28797002,"v2048"
"2049",18,29126842,"v2049"
"2050",18,29477506,"v2050"
"2051",18,30176570,"v2051"
"2052",18,30184710,"v2052"
"2053",18,30793403,"v2053"
"2054",18,31383441,"v2054"
"2055",18,32061094,"v2055"
"2056",18,32430658,"v2056"
"2060",18,43641457,"v2060"
"2061",18,44705144,"v2061"
"2062",18,44705373,"v2062"
"2063",18,45172204,"v2063"
"2064",18,45172215,"v2064"
"2065",18,45172401,"v2065"
"2066",18,45395835,"v2066"
"2067",18,45445602,"v2067"
"2068",18,45645101,"v2068"
"2080",18,47023797,"v2080"
"2081",18,47540529,"v2081"
"2091",18,48268135,"v2091"
"2092",18,48361455,"v2092"
"2093",18,48883801,"v2093"
"2094",18,48883899,"v2094"
"2095",19,626571,"v2095"
"2096",19,648828,"v2096"
"2097",19,648945,"v2097"
"2098",19,973040,"v2098"
"2099",19,1069544,"v2099"
"2100",19,1215676,"v2100"
"2101",19,1579100,"v2101"
"2102",19,1579156,"v2102"
"2103",19,1820651,"v2103"
"2104",19,1936876,"v2104"
"2105",19,2157505,"v2105"
"2106",19,2157711,"v2106"
"2107",19,2320106,"v2107"
"2108",19,2320138,"v2108"
"2109",19,2856674,"v2109"
"2110",19,2918136,"v2110"
"2111",19,3111222,"v2111"
"2112",19,3260007,"v2112"
"2113",19,3436771,"v2113"
"2114",19,3829667,"v2114"
"2115",19,6523246,"v2115"
"2116",19,7123052,"v2116"
"2117",19,7123093,"v2117"
"2118",19,8258470,"v2118"
"2119",19,8376412,"v2119"
"2120",19,8493240,"v2120"
"2121",19,8994003,"v2121"
"2122",19,9647354,"v2122"
"2123",19,10080216,"v2123"
"2124",19,10203999,"v2124"
"2125",19,10406505,"v2125"
"2126",19,10406548,"v2126"
"2127",19,10850270,"v2127"
"2130",19,13696590,"v2130"
"2131",19,14966417,"v2131"
"2132",19,15541948,"v2132"
"2133",19,15907288,"v2133"
"2134",19,18815343,"v2134"
"2135",19,19328026,"v2135"
"2136",19,19712699,"v2136"
"2137",19,21080386,"v2137"
"2138",19,22630301,"v2138"
"2139",19,22630302,"v2139"
"2140",19,23105851,"v2140"
"2141",19,23272134,"v2141"
"2142",19,23701324,"v2142"
"2143",19,23992839,"v2143"
"2144",19,24394475,"v2144"
"2145",19,24396715,"v2145"
"2146",19,24910103,"v2146"
"2147",19,31691115,"v2147"
"2148",19,31691240,"v2148"
"2149",19,33179660,"v2149"
"2150",19,36833235,"v2150"
"2151",19,38713117,"v2151"
"2152",19,38868825,"v2152"
"2153",19,41463369,"v2153"
"2162",19,42622540,"v2162"
"2172",19,46332721,"v2172"
"2186",19,48495529,"v2186"
"2188",19,49092210,"v2188"
"2189",20,428812,"v2189"
"2190",20,1274325,"v2190"
"2191",20,1898120,"v2191"
"2192",20,2760958,"v2192"
"2193",20,3959897,"v2193"
"2194",20,5494546,"v2194"
"2195",20,7234610,"v2195"
"2196",20,7234646,"v2196"
"2197",20,11068200,"v2197"
"2198",20,11068236,"v2198"
"2199",20,11068237,"v2199"
"2200",20,12121304,"v2200"
"2201",20,12460026,"v2201"
"2202",20,12541176,"v2202"
"2203",20,13226696,"v2203"
"2204",20,14885648,"v2204"
"2205",20,14885713,"v2205"
"2206",20,14987675,"v2206"
"2207",20,18486321,"v2207"
"2208",20,18486338,"v2208"
"2209",20,18501226,"v2209"
"2210",20,20053101,"v2210"
"2211",20,20053801,"v2211"
"2212",20,21005028,"v2212"
"2213",20,21195413,"v2213"
"2214",20,21195438,"v2214"
"2215",20,21195463,"v2215"
"2216",20,21719100,"v2216"
"2217",20,21719106,"v2217"
"2218",20,22507138,"v2218"
"2219",20,22866956,"v2219"
"2220",20,22981777,"v2220"
"2221",20,23175503,"v2221"
"2222",20,23175656,"v2222"
"2223",20,23369388,"v2223"
"2224",20,23890744,"v2224"
"2225",20,24669031,"v2225"
"2226",20,24952508,"v2226"
"2227",20,25144695,"v2227"
"2228",20,25144698,"v2228"
"2229",20,25144705,"v2229"
"2230",20,26208747,"v2230"
"2231",20,26482587,"v2231"
"2232",20,26640101,"v2232"
"2233",20,26668723,"v2233"
"2234",20,27652075,"v2234"
"2235",20,29067441,"v2235"
"2236",20,29286258,"v2236"
"2237",20,31925156,"v2237"
"2238",20,32257466,"v2238"
"2239",20,32290322,"v2239"
"2240",20,32317090,"v2240"
"2241",20,35078232,"v2241"
"2242",20,35583453,"v2242"
"2243",20,36222108,"v2243"
"2244",20,36222132,"v2244"
"2245",20,36978187,"v2245"
"2246",20,37081590,"v2246"
